{"stats":{"minecraft:custom":{"minecraft:time_since_rest":2826,"minecraft:damage_taken":1025,"minecraft:play_time":34476,"minecraft:crouch_one_cm":1100,"minecraft:sprint_one_cm":42819,"minecraft:walk_one_cm":21905,"minecraft:deaths":6,"minecraft:sneak_time":1555,"minecraft:walk_under_water_one_cm":12227,"minecraft:mob_kills":5,"minecraft:jump":189,"minecraft:damage_dealt":732,"minecraft:leave_game":7,"minecraft:time_since_death":2791,"minecraft:walk_on_water_one_cm":2176,"minecraft:total_world_time":34476,"minecraft:fly_one_cm":350770,"minecraft:fall_one_cm":3637},"minecraft:used":{"minecraft:netherite_sword":10,"minecraft:netherite_boots":1,"minecraft:dirt":2,"minecraft:potion":5,"minecraft:netherite_leggings":1,"minecraft:netherite_chestplate":1,"minecraft:netherite_helmet":1,"minecraft:egg":1,"minecraft:lingering_potion":4,"minecraft:splash_potion":3},"minecraft:killed_by":{"minecraft:creeper":1,"minecraft:player":1},"minecraft:mined":{"minecraft:grass":11,"minecraft:grass_block":2,"minecraft:fern":7},"minecraft:picked_up":{"minecraft:feather":2,"minecraft:chicken":1,"minecraft:rotten_flesh":5,"minecraft:wheat_seeds":5,"minecraft:netherite_sword":1,"minecraft:porkchop":4,"minecraft:dirt":2,"minecraft:string":1,"minecraft:egg":3},"minecraft:killed":{"minecraft:spider":1,"minecraft:zombie":2,"minecraft:pig":2,"minecraft:chicken":1}},"DataVersion":2975}