{"stats":{"minecraft:custom":{"minecraft:time_since_rest":11896,"minecraft:play_time":99061,"minecraft:crouch_one_cm":31,"minecraft:sprint_one_cm":38596,"minecraft:walk_one_cm":17396,"minecraft:deaths":4,"minecraft:sneak_time":454,"minecraft:walk_under_water_one_cm":6206,"minecraft:mob_kills":4,"minecraft:drop":2,"minecraft:jump":145,"minecraft:damage_dealt":495,"minecraft:leave_game":7,"minecraft:time_since_death":11866,"minecraft:walk_on_water_one_cm":508,"minecraft:total_world_time":99061,"minecraft:climb_one_cm":465,"minecraft:fly_one_cm":263374,"minecraft:fall_one_cm":418,"minecraft:player_kills":1},"minecraft:dropped":{"minecraft:dirt":1,"minecraft:netherite_sword":1},"minecraft:used":{"minecraft:oak_leaves":2,"minecraft:netherite_sword":2,"minecraft:dirt":26,"minecraft:grass_block":20,"minecraft:stone":22},"minecraft:picked_up":{"minecraft:netherite_boots":1,"minecraft:netherite_helmet":1,"minecraft:wheat_seeds":6,"minecraft:netherite_chestplate":1,"minecraft:dirt":13,"minecraft:mutton":3,"minecraft:netherite_leggings":1,"minecraft:white_wool":2},"minecraft:killed":{"minecraft:sheep":2,"minecraft:zombie":1},"minecraft:mined":{"minecraft:grass":5,"minecraft:grass_block":1,"minecraft:oak_leaves":1,"minecraft:fern":1}},"DataVersion":2975}