{"stats":{"minecraft:used":{"minecraft:netherrack":1,"minecraft:gold_block":2},"minecraft:custom":{"minecraft:jump":9,"minecraft:open_chest":1,"minecraft:time_since_rest":6440,"minecraft:walk_one_cm":248,"minecraft:leave_game":2,"minecraft:sprint_one_cm":497,"minecraft:play_time":8957,"minecraft:time_since_death":6420,"minecraft:walk_on_water_one_cm":934,"minecraft:deaths":1,"minecraft:sneak_time":343,"minecraft:total_world_time":8957,"minecraft:walk_under_water_one_cm":1242,"minecraft:fly_one_cm":117374}},"DataVersion":2975}