{"stats":{"minecraft:picked_up":{"minecraft:arrow":2,"minecraft:spruce_log":2},"minecraft:mined":{"minecraft:spruce_log":1,"minecraft:spruce_leaves":1},"minecraft:killed":{"minecraft:skeleton":2},"minecraft:dropped":{"minecraft:diamond_sword":1,"minecraft:dirt":1,"minecraft:sand":1,"minecraft:grass_block":2,"minecraft:netherite_sword":1},"minecraft:used":{"minecraft:netherrack":1,"minecraft:spruce_leaves":4,"minecraft:sand":1,"minecraft:dirt":1,"minecraft:grass_block":3,"minecraft:gold_block":2,"minecraft:spruce_log":3,"minecraft:large_fern":3},"minecraft:custom":{"minecraft:time_since_rest":2432,"minecraft:open_chest":1,"minecraft:crouch_one_cm":807,"minecraft:play_time":195086,"minecraft:sprint_one_cm":29713,"minecraft:damage_taken":230,"minecraft:deaths":8,"minecraft:walk_one_cm":16563,"minecraft:sneak_time":1379,"minecraft:walk_under_water_one_cm":1242,"minecraft:mob_kills":2,"minecraft:drop":6,"minecraft:jump":157,"minecraft:damage_dealt":525,"minecraft:leave_game":16,"minecraft:walk_on_water_one_cm":1556,"minecraft:time_since_death":2412,"minecraft:total_world_time":195086,"minecraft:fall_one_cm":1031,"minecraft:fly_one_cm":434430}},"DataVersion":2975}