{"stats":{"minecraft:dropped":{"minecraft:dirt":1,"minecraft:grass_block":1},"minecraft:used":{"minecraft:netherrack":1,"minecraft:gold_block":2,"minecraft:dirt":1,"minecraft:grass_block":2},"minecraft:custom":{"minecraft:jump":45,"minecraft:open_chest":1,"minecraft:time_since_rest":3820,"minecraft:walk_one_cm":911,"minecraft:leave_game":7,"minecraft:sprint_one_cm":4980,"minecraft:play_time":112245,"minecraft:time_since_death":3800,"minecraft:walk_on_water_one_cm":934,"minecraft:deaths":2,"minecraft:sneak_time":497,"minecraft:total_world_time":112245,"minecraft:walk_under_water_one_cm":1242,"minecraft:drop":2,"minecraft:fly_one_cm":181850}},"DataVersion":2975}