{"stats":{"minecraft:killed":{"minecraft:skeleton":1},"minecraft:mined":{"minecraft:spruce_leaves":1,"minecraft:spruce_log":1},"minecraft:used":{"minecraft:netherrack":1,"minecraft:spruce_leaves":4,"minecraft:sand":1,"minecraft:dirt":1,"minecraft:grass_block":3,"minecraft:gold_block":2,"minecraft:spruce_log":1},"minecraft:dropped":{"minecraft:diamond_sword":1,"minecraft:dirt":1,"minecraft:sand":1,"minecraft:grass_block":2},"minecraft:custom":{"minecraft:time_since_rest":1287,"minecraft:open_chest":1,"minecraft:crouch_one_cm":807,"minecraft:play_time":189097,"minecraft:sprint_one_cm":21405,"minecraft:deaths":7,"minecraft:damage_taken":230,"minecraft:walk_one_cm":9659,"minecraft:sneak_time":1229,"minecraft:walk_under_water_one_cm":1242,"minecraft:mob_kills":1,"minecraft:drop":5,"minecraft:jump":106,"minecraft:damage_dealt":340,"minecraft:leave_game":16,"minecraft:walk_on_water_one_cm":1556,"minecraft:time_since_death":1267,"minecraft:total_world_time":189097,"minecraft:fall_one_cm":1031,"minecraft:fly_one_cm":390690},"minecraft:picked_up":{"minecraft:spruce_log":1}},"DataVersion":2975}