{"stats":{"minecraft:used":{"minecraft:netherite_sword":2,"minecraft:lantern":4,"minecraft:grass_block":41,"minecraft:jungle_log":1,"minecraft:stone":47,"minecraft:beacon":1,"minecraft:oak_leaves":2,"minecraft:cocoa_beans":3,"minecraft:dirt":49,"minecraft:note_block":1},"minecraft:killed":{"minecraft:sheep":2,"minecraft:zombie":1},"minecraft:picked_up":{"minecraft:cocoa_beans":3,"minecraft:netherite_boots":1,"minecraft:jungle_log":1,"minecraft:dirt":29,"minecraft:netherite_leggings":1,"minecraft:diamond":1,"minecraft:netherite_helmet":1,"minecraft:wheat_seeds":6,"minecraft:netherite_chestplate":1,"minecraft:mutton":3,"minecraft:white_wool":2},"minecraft:custom":{"minecraft:time_since_rest":5199,"minecraft:sprint_one_cm":43212,"minecraft:damage_taken":140,"minecraft:walk_one_cm":22494,"minecraft:mob_kills":4,"minecraft:drop":2,"minecraft:damage_dealt":495,"minecraft:interact_with_beacon":3,"minecraft:tune_noteblock":9,"minecraft:fly_one_cm":411354,"minecraft:player_kills":1,"minecraft:crouch_one_cm":31,"minecraft:play_time":114188,"minecraft:deaths":7,"minecraft:sneak_time":684,"minecraft:walk_under_water_one_cm":6206,"minecraft:jump":165,"minecraft:leave_game":13,"minecraft:walk_on_water_one_cm":508,"minecraft:time_since_death":5178,"minecraft:climb_one_cm":704,"minecraft:total_world_time":114188,"minecraft:fall_one_cm":635},"minecraft:mined":{"minecraft:grass":5,"minecraft:grass_block":2,"minecraft:vine":1,"minecraft:jungle_log":1,"minecraft:oak_leaves":1,"minecraft:fern":1},"minecraft:dropped":{"minecraft:dirt":1,"minecraft:netherite_sword":1}},"DataVersion":2975}