{"stats":{"minecraft:killed":{"minecraft:skeleton":1},"minecraft:mined":{"minecraft:spruce_log":1},"minecraft:dropped":{"minecraft:dirt":1,"minecraft:grass_block":1},"minecraft:used":{"minecraft:netherrack":1,"minecraft:spruce_leaves":4,"minecraft:dirt":1,"minecraft:grass_block":2,"minecraft:gold_block":2,"minecraft:spruce_log":1},"minecraft:custom":{"minecraft:time_since_rest":4377,"minecraft:open_chest":1,"minecraft:crouch_one_cm":420,"minecraft:play_time":178940,"minecraft:sprint_one_cm":10077,"minecraft:deaths":6,"minecraft:damage_taken":60,"minecraft:walk_one_cm":3488,"minecraft:sneak_time":772,"minecraft:walk_under_water_one_cm":1242,"minecraft:mob_kills":1,"minecraft:drop":2,"minecraft:jump":65,"minecraft:damage_dealt":260,"minecraft:leave_game":12,"minecraft:walk_on_water_one_cm":934,"minecraft:time_since_death":4357,"minecraft:total_world_time":178940,"minecraft:fall_one_cm":1031,"minecraft:fly_one_cm":292844},"minecraft:picked_up":{"minecraft:spruce_log":1}},"DataVersion":2975}