{"stats":{"minecraft:used":{"minecraft:netherrack":3,"minecraft:spruce_leaves":4,"minecraft:sand":1,"minecraft:dirt":1,"minecraft:grass_block":3,"minecraft:gold_block":2,"minecraft:spruce_log":3,"minecraft:large_fern":3},"minecraft:dropped":{"minecraft:diamond_sword":1,"minecraft:dirt":1,"minecraft:sand":1,"minecraft:grass_block":2,"minecraft:netherite_sword":2},"minecraft:picked_up":{"minecraft:large_fern":1,"minecraft:arrow":4,"minecraft:netherite_sword":1,"minecraft:spruce_log":4},"minecraft:custom":{"minecraft:time_since_rest":46820,"minecraft:open_chest":1,"minecraft:crouch_one_cm":807,"minecraft:play_time":278717,"minecraft:sprint_one_cm":55933,"minecraft:damage_taken":460,"minecraft:walk_one_cm":30118,"minecraft:deaths":10,"minecraft:sneak_time":1979,"minecraft:walk_under_water_one_cm":2894,"minecraft:mob_kills":2,"minecraft:drop":7,"minecraft:jump":234,"minecraft:damage_dealt":625,"minecraft:leave_game":30,"minecraft:walk_on_water_one_cm":1798,"minecraft:time_since_death":46800,"minecraft:total_world_time":278717,"minecraft:swim_one_cm":3468,"minecraft:fall_one_cm":2622,"minecraft:fly_one_cm":636403},"minecraft:mined":{"minecraft:spruce_log":1,"minecraft:spruce_leaves":1},"minecraft:killed":{"minecraft:skeleton":2}},"DataVersion":2975}