{"stats":{"minecraft:used":{"minecraft:sand":11},"minecraft:picked_up":{"minecraft:stick":5,"minecraft:sand":11,"minecraft:sugar_cane":21},"minecraft:custom":{"minecraft:jump":70,"minecraft:time_since_rest":5182,"minecraft:damage_dealt":15,"minecraft:crouch_one_cm":283,"minecraft:leave_game":1,"minecraft:sprint_one_cm":27590,"minecraft:play_time":5182,"minecraft:walk_on_water_one_cm":145,"minecraft:time_since_death":5182,"minecraft:walk_one_cm":2251,"minecraft:walk_under_water_one_cm":295,"minecraft:sneak_time":62,"minecraft:total_world_time":5182,"minecraft:fall_one_cm":1881,"minecraft:fly_one_cm":19496},"minecraft:mined":{"minecraft:sugar_cane":9,"minecraft:dead_bush":6,"minecraft:sand":11}},"DataVersion":2975}