{"stats":{"minecraft:used":{"minecraft:netherrack":1,"minecraft:gold_block":2},"minecraft:custom":{"minecraft:jump":30,"minecraft:open_chest":1,"minecraft:time_since_rest":103086,"minecraft:walk_one_cm":531,"minecraft:leave_game":6,"minecraft:sprint_one_cm":3542,"minecraft:play_time":105603,"minecraft:time_since_death":103066,"minecraft:walk_on_water_one_cm":934,"minecraft:deaths":1,"minecraft:sneak_time":440,"minecraft:total_world_time":105603,"minecraft:walk_under_water_one_cm":1242,"minecraft:fly_one_cm":136593}},"DataVersion":2975}