{"stats":{"minecraft:used":{"minecraft:dirt":1},"minecraft:mined":{"minecraft:grass_block":1,"minecraft:dirt":1},"minecraft:custom":{"minecraft:jump":41,"minecraft:time_since_rest":1232,"minecraft:deaths":1,"minecraft:walk_on_water_one_cm":424,"minecraft:sprint_one_cm":41,"minecraft:damage_dealt":40,"minecraft:crouch_one_cm":95,"minecraft:leave_game":2,"minecraft:play_time":11700,"minecraft:damage_taken":160,"minecraft:time_since_death":1212,"minecraft:walk_one_cm":15066,"minecraft:sneak_time":252,"minecraft:total_world_time":11700,"minecraft:walk_under_water_one_cm":135,"minecraft:fall_one_cm":1269,"minecraft:fly_one_cm":1265},"minecraft:picked_up":{"minecraft:diamond_sword":1,"minecraft:dirt":1}},"DataVersion":2975}