{"stats":{"minecraft:picked_up":{"minecraft:bone":4,"minecraft:spruce_log":1,"minecraft:netherite_sword":1},"minecraft:mined":{"minecraft:grass":5,"minecraft:spruce_log":2,"minecraft:oak_leaves":1,"minecraft:fern":2},"minecraft:dropped":{"minecraft:bone":2},"minecraft:used":{"minecraft:spruce_log":4,"minecraft:grass_block":2},"minecraft:custom":{"minecraft:jump":89,"minecraft:time_since_rest":2345,"minecraft:damage_dealt":15,"minecraft:deaths":1,"minecraft:sprint_one_cm":9559,"minecraft:play_time":5987,"minecraft:damage_taken":260,"minecraft:time_since_death":2325,"minecraft:walk_one_cm":17656,"minecraft:total_world_time":5987,"minecraft:drop":2,"minecraft:fall_one_cm":4495,"minecraft:fly_one_cm":13684}},"DataVersion":2975}