{"stats":{"minecraft:killed":{"minecraft:spider":1,"minecraft:skeleton":2},"minecraft:dropped":{"minecraft:netherite_sword":1,"minecraft:bone":2},"minecraft:mined":{"minecraft:grass":5,"minecraft:spruce_log":2,"minecraft:oak_leaves":1,"minecraft:fern":2},"minecraft:custom":{"minecraft:time_since_rest":30845,"minecraft:open_chest":1,"minecraft:play_time":73581,"minecraft:sprint_one_cm":42250,"minecraft:deaths":3,"minecraft:damage_taken":390,"minecraft:walk_one_cm":40083,"minecraft:sneak_time":1240,"minecraft:walk_under_water_one_cm":3639,"minecraft:interact_with_anvil":1,"minecraft:mob_kills":3,"minecraft:drop":3,"minecraft:jump":391,"minecraft:damage_dealt":675,"minecraft:leave_game":2,"minecraft:walk_on_water_one_cm":3760,"minecraft:time_since_death":30825,"minecraft:total_world_time":73581,"minecraft:fall_one_cm":6376,"minecraft:fly_one_cm":548754},"minecraft:used":{"minecraft:oak_log":1,"minecraft:netherrack":1,"minecraft:oak_leaves":2,"minecraft:spruce_leaves":1,"minecraft:netherite_sword":5,"minecraft:anvil":1,"minecraft:wolf_spawn_egg":1,"minecraft:grass_block":10,"minecraft:kelp":3,"minecraft:spruce_log":10,"minecraft:grass":12,"minecraft:fern":5},"minecraft:picked_up":{"minecraft:bone":5,"minecraft:arrow":2,"minecraft:netherite_sword":2,"minecraft:spruce_log":1,"minecraft:spider_eye":1}},"DataVersion":2975}